{
    "metadata":{
        "vertices":206,
        "version":3,
        "uvs":0,
        "type":"Geometry",
        "normals":206,
        "faces":262,
        "generator":"io_three"
    },
    "uvs":[],
    "vertices":[0.996657,2.97256,-0.568371,1.64688,2.97256,-0.567122,1.69141,2.97256,-0.445171,1.1897,2.97256,-0.293559,0.261078,2.97256,-0.34085,-1.49095,2.94838,-0.351463,-2.12634,2.94838,-0.567217,-2.1259,2.94838,-0.717485,-1.5806,2.94838,-0.720653,-0.689571,2.94838,-0.361926,-0.0676628,2.98694,-1.06879,0.0862235,2.98694,-1.56127,0.201739,2.98694,-1.56375,0.214437,2.98694,-1.14466,-0.0445386,2.98694,-0.452991,-0.439997,2.99445,0.527409,-0.753366,2.99445,0.898555,-0.854512,2.99445,0.85853,-0.71249,2.99445,0.490227,-0.235192,2.99445,-0.0153925,0.897633,2.90543,0.75136,1.25941,2.90543,1.51361,1.12344,2.90543,1.6448,0.64304,2.90543,1.15557,0.186388,2.90543,0.0374634,1.43166,3.02579,0.345891,1.6648,3.02579,2.63849,-0.0425008,3.02579,1.36347,-1.93438,3.02579,2.62392,-1.38671,3.02579,0.379701,-3.31868,3.02579,-0.960694,-1.08923,3.02579,-1.20841,-0.0109288,3.02579,-3.28729,2.97624,3.02579,-0.873264,0.809937,3.02579,-1.26913,-2.54977,3.02579,-0.934635,-2.62452,3.02579,-0.226198,0.382735,3.02579,-2.18412,-0.548028,3.02579,-2.31233,2.12196,3.02579,-0.381449,2.43888,3.02579,-0.845049,0.584558,3.02579,1.78931,1.77797,3.02579,2.01658,-1.629,3.02579,1.44395,-0.80571,3.02579,2.08535,-2.05066,3.02579,0.151081,-1.80807,3.02579,-1.24063,-1.61835,3.02579,0.662135,-0.478757,3.02579,1.62727,0.140542,3.02579,1.61492,1.57963,3.02579,0.669915,1.74933,3.02579,0.0617843,1.26649,3.02579,-1.26869,0.739233,3.02579,-1.8298,-0.990013,3.02579,-1.89465,1.43166,1.90205,0.345891,1.6648,1.90205,2.63849,-0.0425008,1.90205,1.36347,-1.93438,1.90205,2.62392,-1.38671,1.90205,0.379701,-3.31868,1.90205,-0.960694,-1.08923,1.90205,-1.20841,-0.0109288,1.90205,-3.28729,2.97624,1.90205,-0.873264,0.809937,1.90205,-1.26913,-2.54977,1.90205,-0.934635,-2.62452,1.90205,-0.226198,0.382735,1.90205,-2.18412,-0.548028,1.90205,-2.31233,2.12196,1.90205,-0.381449,2.43888,1.90205,-0.845049,0.584558,1.90205,1.78931,1.77797,1.90205,2.01658,-1.629,1.90205,1.44395,-0.80571,1.90205,2.08535,-2.05066,1.90205,0.151081,-1.80807,1.90205,-1.24063,-1.61835,1.90205,0.662135,-0.478757,1.90205,1.62727,0.140542,1.90205,1.61492,1.57963,1.90205,0.669915,1.74933,1.90205,0.0617844,1.26649,1.90205,-1.26869,0.739233,1.90205,-1.8298,-0.990013,1.90205,-1.89465,1.12609,0.373096,0.268993,1.31295,0.373096,2.10641,-0.0553818,0.373096,1.08454,-1.57164,0.373096,2.09473,-1.1327,0.373096,0.29609,-2.68109,0.373096,-0.778177,-0.894285,0.373096,-0.976711,-0.0300783,0.373096,-2.64284,2.36401,0.373096,-0.708106,0.627809,0.373096,-1.02537,-2.06484,0.373096,-0.757292,-2.12476,0.373096,-0.189511,0.285426,0.373096,-1.7587,-0.46054,0.373096,-1.86145,1.67934,0.373096,-0.313938,1.93334,0.373096,-0.685493,0.447178,0.373096,1.42583,1.40364,0.373096,1.60797,-1.32689,0.373096,1.14904,-0.66706,0.373096,1.66309,-1.66483,0.373096,0.112861,-1.47041,0.373096,-1.00253,-1.31836,0.373096,0.522449,-0.405022,0.373096,1.29596,0.091319,0.373096,1.28606,1.24468,0.373096,0.528684,1.38069,0.373096,0.0412939,0.993715,0.373096,-1.02502,0.571143,0.373096,-1.47473,-0.814771,0.373096,-1.5267,0.534464,-0.948844,0.120106,0.631696,-0.948844,1.07621,-0.0803215,-0.948844,0.54448,-0.869313,-0.948844,1.07014,-0.640912,-0.948844,0.134206,-1.44662,-0.948844,-0.424795,-0.51685,-0.948844,-0.528103,-0.0671547,-0.948844,-1.39508,1.17862,-0.948844,-0.388333,0.275181,-0.948844,-0.553424,-1.12596,-0.948844,-0.413927,-1.15713,-0.948844,-0.118479,0.0970198,-0.948844,-0.935014,-0.291148,-0.948844,-0.988482,0.822348,-0.948844,-0.183226,0.954519,-0.948844,-0.376566,0.181188,-0.948844,0.72207,0.67889,-0.948844,0.816851,-0.74196,-0.948844,0.57804,-0.398612,-0.948844,0.845532,-0.917808,-0.948844,0.0388616,-0.816639,-0.948844,-0.541539,-0.737518,-0.948844,0.251992,-0.262259,-0.948844,0.654495,-0.003985,-0.948844,0.649341,0.596173,-0.948844,0.255237,0.666946,-0.948844,0.00162107,0.465582,-0.948844,-0.553242,0.245694,-0.948844,-0.787251,-0.475474,-0.948844,-0.814294,0.0460492,-1.3826,-0.00280797,0.0692917,-1.3826,0.225742,-0.10091,-1.3826,0.0986354,-0.289513,-1.3826,0.22429,-0.234915,-1.3826,0.000562549,-0.427514,-1.3826,-0.133062,-0.205259,-1.3826,-0.157757,-0.097763,-1.3826,-0.365002,0.20003,-1.3826,-0.124346,-0.0159305,-1.3826,-0.16381,-0.350861,-1.3826,-0.130464,-0.358314,-1.3826,-0.0598398,-0.0585184,-1.3826,-0.255026,-0.151307,-1.3826,-0.267807,0.114866,-1.3826,-0.075317,0.14646,-1.3826,-0.121533,-0.0383986,-1.3826,0.141087,0.080573,-1.3826,0.163744,-0.25907,-1.3826,0.106658,-0.176995,-1.3826,0.170599,-0.301105,-1.3826,-0.0222287,-0.276921,-1.3826,-0.160969,-0.258008,-1.3826,0.0287186,-0.144401,-1.3826,0.124934,-0.0826628,-1.3826,0.123702,0.0608003,-1.3826,0.0294942,0.077718,-1.3826,-0.0311307,0.0295834,-1.3826,-0.163766,-0.022979,-1.3826,-0.219704,-0.195368,-1.3826,-0.226169,0.897633,3.02579,0.75136,1.25941,3.02579,1.51361,1.03021,3.02579,1.0307,1.12344,3.02579,1.6448,0.720273,3.02579,1.23422,0.64304,3.02579,1.15557,0.186388,3.02579,0.0374634,-0.439997,3.02579,0.527409,-0.71249,3.02579,0.490227,-0.854512,3.02579,0.85853,-0.753366,3.02579,0.898555,-0.235192,3.02579,-0.0153925,0.0862235,3.02579,-1.56127,-0.0676628,3.02579,-1.06879,0.214437,3.02579,-1.14466,-0.0445386,3.02579,-0.452991,0.201739,3.02579,-1.56375,-1.49095,3.02579,-0.351463,-1.93668,3.02579,-0.502815,-2.12634,3.02579,-0.567217,-1.89903,3.02579,-0.718803,-2.1259,3.02579,-0.717485,-1.5806,3.02579,-0.720653,-0.689571,3.02579,-0.361926,1.64688,3.02579,-0.567122,1.521,3.02579,-0.567364,0.996657,3.02579,-0.568371,1.1897,3.02579,-0.293559,0.261078,3.02579,-0.34085,1.69141,3.02579,-0.445171,1.57781,3.02579,-0.410842],